2019:03:03 11:38:03|骞胯タ澹娌诲哄瀹甯绉轰璺123|涓|骞胯タ澹娌诲|瀹甯|绉|
2019:03:03 11:38:03|骞胯タ澹娌诲哄瀹甯绉轰璺123|涓|骞胯タ澹娌诲|瀹甯|绉|
2019:03:03 11:38:03|骞胯タ澹娌诲哄瀹甯绉轰璺123|涓|骞胯タ澹娌诲|瀹甯|绉|
2019:03:03 11:38:03|骞胯タ澹娌诲哄瀹甯绉轰璺123|涓|骞胯タ澹娌诲|瀹甯|绉|
2019:03:03 11:38:03|骞胯タ澹娌诲哄瀹甯绉轰璺123|涓|骞胯タ澹娌诲|瀹甯|绉|
2019:03:03 11:38:03|骞胯タ澹娌诲哄瀹甯绉轰璺123|涓|骞胯タ澹娌诲|瀹甯|绉|
2019:03:03 11:38:03|骞胯タ澹娌诲哄瀹甯绉轰璺123|涓|骞胯タ澹娌诲|瀹甯|绉|
2019:03:03 11:38:03|骞胯タ澹娌诲哄瀹甯绉轰璺123|涓|骞胯タ澹娌诲|瀹甯|绉|
2019:03:03 11:38:03|骞胯タ澹娌诲哄瀹甯绉轰璺123|涓|骞胯タ澹娌诲|瀹甯|绉|
2019:03:03 11:38:03|骞胯タ澹娌诲哄瀹甯绉轰璺123|涓|骞胯タ澹娌诲|瀹甯|绉|
2019:03:03 11:38:03|骞胯タ澹娌诲哄瀹甯绉轰璺123|涓|骞胯タ澹娌诲|瀹甯|绉|
2019:03:03 11:38:03|骞胯タ澹娌诲哄瀹甯绉轰璺123|涓|骞胯タ澹娌诲|瀹甯|绉|
2019:03:03 11:38:03|骞胯タ澹娌诲哄瀹甯绉轰璺123|涓|骞胯タ澹娌诲|瀹甯|绉|
2019:03:03 11:38:03|骞胯タ澹娌诲哄瀹甯绉轰璺123|涓|骞胯タ澹娌诲|瀹甯|绉|
2019:03:03 11:38:03|骞胯タ澹娌诲哄瀹甯绉轰璺123|涓|骞胯タ澹娌诲|瀹甯|绉|
2019:03:03 11:38:03|骞胯タ澹娌诲哄瀹甯绉轰璺123|涓|骞胯タ澹娌诲|瀹甯|绉|
2019:03:03 11:38:03|骞胯タ澹娌诲哄瀹甯绉轰璺123|涓|骞胯タ澹娌诲|瀹甯|绉|
2019:03:03 11:38:03|骞胯タ澹娌诲哄瀹甯绉轰璺123|涓|骞胯タ澹娌诲|瀹甯|绉|
2019:03:03 11:38:03|骞胯タ澹娌诲哄瀹甯绉轰璺123|涓|骞胯タ澹娌诲|瀹甯|绉|
2019:03:03 11:38:03|骞胯タ澹娌诲哄瀹甯绉轰璺123|涓|骞胯タ澹娌诲|瀹甯|绉|
2017:05:28 09:40:30|香港中西区龙和道|中国|香港|香港|中西区|
2017:05:28 09:40:30|香港中西区龙和道|中国|香港|香港|中西区|
2017-05-28 09:40:30|香港中西区龙和道|中国|香港|香港|中西区|
2017-05-28 09:40:30|香港中西区龙和道|中国|香港|香港|中西区|
2017-05-28 09:40:30|香港中西区龙和道|中国|香港|香港|中西区|
